<?xml version="1.0" encoding="UTF-8"?>
<project-private xmlns="http://www.netbeans.org/ns/project-private/1">
    <editor-bookmarks xmlns="http://www.netbeans.org/ns/editor-bookmarks/2" lastBookmarkId="0"/>
    <open-files xmlns="http://www.netbeans.org/ns/projectui-open-files/2">
        <group>
            <file>file:/home/cassio/gitlab/Relogios/relogios/TerceiroProblema-Relogios/src/br/ecomp/uefs/controller/Controller.java</file>
            <file>file:/home/cassio/gitlab/Relogios/relogios/TerceiroProblema-Relogios/src/br/ecomp/uefs/util/Contador.java</file>
            <file>file:/home/cassio/gitlab/Relogios/relogios/TerceiroProblema-Relogios/src/br/com/uefs/model/Usuario.java</file>
            <file>file:/home/cassio/gitlab/Relogios/relogios/TerceiroProblema-Relogios/src/br/com/uefs/service/Cliente.java</file>
            <file>file:/home/cassio/gitlab/Relogios/relogios/TerceiroProblema-Relogios/src/br/com/uefs/service/Servidor.java</file>
            <file>file:/home/cassio/gitlab/Relogios/relogios/TerceiroProblema-Relogios/src/br/ecomp/uefs/view/Start.java</file>
            <file>file:/home/cassio/gitlab/Relogios/relogios/TerceiroProblema-Relogios/src/br/ecomp/uefs/util/Tempo.java</file>
            <file>file:/home/cassio/gitlab/Relogios/relogios/TerceiroProblema-Relogios/src/br/ecomp/uefs/view/Gui.java</file>
        </group>
    </open-files>
</project-private>
